id,value
1,architecto
2,voluptatum
3,suscipit
4,dolorem
5,quas
6,praesentium
7,voluptas
8,esse
9,labore
10,laudantium
11,nobis
12,quod
13,architecto
14,voluptatem
15,atque
16,et
17,sint
18,perspiciatis
19,eos
20,facere
21,et
22,qui
23,eum
24,aspernatur
25,nostrum
26,dolorem
27,omnis
28,molestias
29,quis
30,et
31,et
32,accusantium
33,rerum
34,voluptates
35,aut
36,ut
37,iure
38,ipsa
39,qui
40,rerum
41,ad
42,voluptatibus
43,quo
44,debitis
45,fugiat
46,vitae
47,qui
48,distinctio
49,aut
50,vel
51,necessitatibus
52,repellendus
53,nemo
54,est
55,et
56,sed
57,in
58,libero
59,asperiores
60,ut
61,nihil
62,est
63,magni
64,ut
65,cumque
66,voluptas
67,voluptates
68,sed
69,impedit
70,et
71,deserunt
72,quo
73,aut
74,provident
75,vel
76,sunt
77,voluptatem
78,excepturi
79,repellendus
80,velit
81,quasi
82,ad
83,enim
84,commodi
85,iure
86,placeat
87,non
88,veritatis
89,in
90,maxime
91,eius
92,sint
93,consequatur
94,quasi
95,quia
96,adipisci
97,autem
98,saepe
99,blanditiis
100,ut
101,magni
102,excepturi
103,sit
104,qui
105,sit
106,ipsum
107,facilis
108,cupiditate
109,qui
110,in
111,fugit
112,recusandae
113,exercitationem
114,aut
115,quis
116,impedit
117,quis
118,voluptas
119,itaque
120,ipsam
121,eum
122,praesentium
123,repellat
124,repudiandae
125,iste
126,est
127,illo
128,consequuntur
129,nihil
130,tempore
131,ut
132,expedita
133,fugit
134,sed
135,ducimus
136,animi
137,voluptates
138,sunt
139,veritatis
140,quibusdam
141,sunt
142,libero
143,et
144,voluptatum
145,delectus
146,occaecati
147,id
148,ipsum
149,quaerat
150,sunt
151,quam
152,excepturi
153,nam
154,aut
155,dolores
156,incidunt
157,id
158,qui
159,modi
160,ad
161,molestiae
162,a
163,odit
164,harum
165,accusamus
166,ducimus
167,est
168,est
169,et
170,sed
171,quos
172,eius
173,debitis
174,maxime
175,et
176,veniam
177,aliquam
178,qui
179,consequuntur
180,in
181,est
182,perferendis
183,error
184,quia
185,autem
186,libero
187,ratione
188,enim
189,quaerat
190,qui
191,aut
192,praesentium
193,perspiciatis
194,qui
195,natus
196,repudiandae
197,vero
198,dolor
199,similique
200,nobis
201,ullam
202,est
203,facilis
204,facilis
205,minima
206,natus
207,earum
208,porro
209,molestias
210,exercitationem
211,exercitationem
212,suscipit
213,cupiditate
214,maxime
215,incidunt
216,iure
217,nulla
218,soluta
219,est
220,quia
221,aut
222,deleniti
223,ut
224,et
225,quos
226,sed
227,libero
228,numquam
229,amet
230,porro
231,aperiam
232,necessitatibus
233,at
234,accusamus
235,minima
236,occaecati
237,distinctio
238,blanditiis
239,dolor
240,quaerat
241,eos
242,est
243,magni
244,occaecati
245,eos
246,sunt
247,cupiditate
248,enim
249,tempora
250,sequi
251,quaerat
252,est
253,asperiores
254,est
255,rerum
256,ut
257,quo
258,eum
259,officia
260,repudiandae
261,et
262,eligendi
263,ut
264,voluptatem
265,sunt
266,corporis
267,ut
268,sed
269,cumque
270,qui
271,ut
272,magni
273,qui
274,est
275,quas
276,impedit
277,debitis
278,adipisci
279,voluptates
280,magni
281,eum
282,consequatur
283,dolor
284,error
285,quae
286,vel
287,esse
288,qui
289,exercitationem
290,qui
291,sit
292,labore
293,adipisci
294,qui
295,maiores
296,adipisci
297,asperiores
298,facilis
299,et
300,ab
301,reprehenderit
302,deleniti
303,et
304,est
305,reprehenderit
306,fugiat
307,et
308,molestiae
309,enim
310,ex
311,ad
312,repellendus
313,praesentium
314,sed
315,officia
316,rerum
317,id
318,voluptatem
319,consequuntur
320,inventore
321,provident
322,accusamus
323,necessitatibus
324,ut
325,at
326,possimus
327,tempora
328,nostrum
329,aliquam
330,aut
331,blanditiis
332,voluptatem
333,hic
334,cum
335,animi
336,aliquam
337,consectetur
338,harum
339,et
340,qui
341,voluptas
342,voluptas
343,adipisci
344,atque
345,voluptas
346,ut
347,sed
348,sunt
349,veniam
350,tempora
351,deserunt
352,consequuntur
353,commodi
354,est
355,ratione
356,totam
357,corrupti
358,vero
359,consequuntur
360,in
361,iure
362,et
363,accusamus
364,labore
365,laudantium
366,harum
367,commodi
368,quia
369,totam
370,est
371,aperiam
372,consectetur
373,sed
374,sit
375,et
376,quasi
377,omnis
378,id
379,sapiente
380,similique
381,dicta
382,qui
383,magni
384,ea
385,et
386,fugiat
387,reprehenderit
388,qui
389,ut
390,aut
391,ad
392,tempore
393,voluptates
394,deserunt
395,non
396,at
397,quae
398,asperiores
399,laborum
400,molestiae
401,quasi
402,incidunt
403,tenetur
404,nisi
405,recusandae
406,est
407,placeat
408,at
409,odio
410,alias
411,facilis
412,aliquam
413,error
414,quisquam
415,sapiente
416,sed
417,iure
418,sequi
419,at
420,eius
421,omnis
422,impedit
423,iste
424,corrupti
425,soluta
426,assumenda
427,at
428,sunt
429,rerum
430,et
431,est
432,et
433,error
434,hic
435,voluptas
436,eum
437,ex
438,aliquam
439,ea
440,dolore
441,et
442,vel
443,quia
444,est
445,fugit
446,non
447,debitis
448,laboriosam
449,rem
450,unde
451,natus
452,necessitatibus
453,velit
454,aliquam
455,inventore
456,quia
457,sint
458,dolorum
459,sunt
460,sit
461,doloremque
462,dicta
463,ut
464,ut
465,atque
466,et
467,quia
468,et
469,velit
470,nulla
471,repudiandae
472,debitis
473,alias
474,aut
475,consequatur
476,id
477,aspernatur
478,labore
479,officia
480,sed
481,tempora
482,quo
483,et
484,qui
485,eum
486,ad
487,corporis
488,qui
489,consequatur
490,temporibus
491,ea
492,quasi
493,reprehenderit
494,natus
495,incidunt
496,cupiditate
497,nisi
498,perspiciatis
499,aut
500,impedit
