address1,address2,hours,id,name,text
"73164 Mae Meadows Suite 961
New Fredland, NY 68190-9860",,"[[""09:00AM - 07:00PM""],[""09:00AM - 07:00PM""],[""09:00AM - 07:00PM""],[""09:00AM - 07:00PM""],[""09:00AM - 07:00PM""],[""10:00AM - 04:00PM""],[""10:00AM - 04:00PM""]]",sint,dolores,
"82326 Tomas Drives Suite 229
North Derek, VT 78939",,"[[""09:00AM - 07:00PM""],[""09:00AM - 07:00PM""],[""09:00AM - 07:00PM""],[""09:00AM - 07:00PM""],[""09:00AM - 07:00PM""],[""10:00AM - 04:00PM""],[""10:00AM - 04:00PM""]]",id,fuga,
"2662 Botsford Overpass
New Ilianatown, HI 69753-8523",,"[[""09:00AM - 07:00PM""],[""09:00AM - 07:00PM""],[""09:00AM - 07:00PM""],[""09:00AM - 07:00PM""],[""09:00AM - 07:00PM""],[""10:00AM - 04:00PM""],[""10:00AM - 04:00PM""]]",ut,praesentium,
"59583 Nya Squares Apt. 212
East Hobartmouth, NM 10090",,"[[""09:00AM - 07:00PM""],[""09:00AM - 07:00PM""],[""09:00AM - 07:00PM""],[""09:00AM - 07:00PM""],[""09:00AM - 07:00PM""],[""10:00AM - 04:00PM""],[""10:00AM - 04:00PM""]]",qui,deleniti,
"204 Sam Fall Apt. 779
Lake Cristianhaven, ND 00856-1992",,"[[""09:00AM - 07:00PM""],[""09:00AM - 07:00PM""],[""09:00AM - 07:00PM""],[""09:00AM - 07:00PM""],[""09:00AM - 07:00PM""],[""10:00AM - 04:00PM""],[""10:00AM - 04:00PM""]]",aperiam,quia,
"47288 Ezequiel Route
South Beulah, WA 48123",,"[[""09:00AM - 07:00PM""],[""09:00AM - 07:00PM""],[""09:00AM - 07:00PM""],[""09:00AM - 07:00PM""],[""09:00AM - 07:00PM""],[""10:00AM - 04:00PM""],[""10:00AM - 04:00PM""]]",enim,voluptatem,
"97864 Maximo Glens Apt. 861
Port Hillardtown, KS 78301-4035",,"[[""09:00AM - 07:00PM""],[""09:00AM - 07:00PM""],[""09:00AM - 07:00PM""],[""09:00AM - 07:00PM""],[""09:00AM - 07:00PM""],[""10:00AM - 04:00PM""],[""10:00AM - 04:00PM""]]",quo,officia,
"80965 Kessler Manor Suite 968
Jenifertown, FL 37430-3587",,"[[""09:00AM - 07:00PM""],[""09:00AM - 07:00PM""],[""09:00AM - 07:00PM""],[""09:00AM - 07:00PM""],[""09:00AM - 07:00PM""],[""10:00AM - 04:00PM""],[""10:00AM - 04:00PM""]]",reiciendis,mollitia,
"7799 Barton Forks Suite 306
Abbigailland, CT 98781",,"[[""09:00AM - 07:00PM""],[""09:00AM - 07:00PM""],[""09:00AM - 07:00PM""],[""09:00AM - 07:00PM""],[""09:00AM - 07:00PM""],[""10:00AM - 04:00PM""],[""10:00AM - 04:00PM""]]",quam,incidunt,
"7160 Bergstrom Parks Suite 394
Lake Jackeline, OR 09275",,"[[""09:00AM - 07:00PM""],[""09:00AM - 07:00PM""],[""09:00AM - 07:00PM""],[""09:00AM - 07:00PM""],[""09:00AM - 07:00PM""],[""10:00AM - 04:00PM""],[""10:00AM - 04:00PM""]]",necessitatibus,eveniet,
"6311 Johnston Union Apt. 379
West Blaise, ME 05803",,"[[""09:00AM - 07:00PM""],[""09:00AM - 07:00PM""],[""09:00AM - 07:00PM""],[""09:00AM - 07:00PM""],[""09:00AM - 07:00PM""],[""10:00AM - 04:00PM""],[""10:00AM - 04:00PM""]]",labore,voluptatum,
"6784 Cynthia Street
Krajcikhaven, WV 31598-7908",,"[[""09:00AM - 07:00PM""],[""09:00AM - 07:00PM""],[""09:00AM - 07:00PM""],[""09:00AM - 07:00PM""],[""09:00AM - 07:00PM""],[""10:00AM - 04:00PM""],[""10:00AM - 04:00PM""]]",sapiente,et,
"576 Morris Overpass Suite 630
Lake Kailey, IN 64986-8990",,"[[""09:00AM - 07:00PM""],[""09:00AM - 07:00PM""],[""09:00AM - 07:00PM""],[""09:00AM - 07:00PM""],[""09:00AM - 07:00PM""],[""10:00AM - 04:00PM""],[""10:00AM - 04:00PM""]]",fugiat,iure,
"2698 Connelly Estate
South Edythe, DC 08246-8121",,"[[""09:00AM - 07:00PM""],[""09:00AM - 07:00PM""],[""09:00AM - 07:00PM""],[""09:00AM - 07:00PM""],[""09:00AM - 07:00PM""],[""10:00AM - 04:00PM""],[""10:00AM - 04:00PM""]]",tenetur,excepturi,
"435 Mellie Corner
Vernhaven, NM 60341",,"[[""09:00AM - 07:00PM""],[""09:00AM - 07:00PM""],[""09:00AM - 07:00PM""],[""09:00AM - 07:00PM""],[""09:00AM - 07:00PM""],[""10:00AM - 04:00PM""],[""10:00AM - 04:00PM""]]",esse,debitis,
"48420 Swaniawski Oval Apt. 416
Port Shakiraborough, GA 44802-1331",,"[[""09:00AM - 07:00PM""],[""09:00AM - 07:00PM""],[""09:00AM - 07:00PM""],[""09:00AM - 07:00PM""],[""09:00AM - 07:00PM""],[""10:00AM - 04:00PM""],[""10:00AM - 04:00PM""]]",suscipit,eos,
"233 Rosenbaum Port Suite 382
Hettingerhaven, ME 52583",,"[[""09:00AM - 07:00PM""],[""09:00AM - 07:00PM""],[""09:00AM - 07:00PM""],[""09:00AM - 07:00PM""],[""09:00AM - 07:00PM""],[""10:00AM - 04:00PM""],[""10:00AM - 04:00PM""]]",sed,est,
"89372 Fausto Loop
Marvinberg, MT 07810",,"[[""09:00AM - 07:00PM""],[""09:00AM - 07:00PM""],[""09:00AM - 07:00PM""],[""09:00AM - 07:00PM""],[""09:00AM - 07:00PM""],[""10:00AM - 04:00PM""],[""10:00AM - 04:00PM""]]",ad,similique,
"582 Dickinson Oval Apt. 245
Burleyfort, PA 82410",,"[[""09:00AM - 07:00PM""],[""09:00AM - 07:00PM""],[""09:00AM - 07:00PM""],[""09:00AM - 07:00PM""],[""09:00AM - 07:00PM""],[""10:00AM - 04:00PM""],[""10:00AM - 04:00PM""]]",dolore,nihil,
"6651 Virginia Pine
New Lisettefurt, NM 19834",,"[[""09:00AM - 07:00PM""],[""09:00AM - 07:00PM""],[""09:00AM - 07:00PM""],[""09:00AM - 07:00PM""],[""09:00AM - 07:00PM""],[""10:00AM - 04:00PM""],[""10:00AM - 04:00PM""]]",eos,laboriosam,
"4638 Tillman Summit
Lake Ryleigh, NC 50667",,"[[""09:00AM - 07:00PM""],[""09:00AM - 07:00PM""],[""09:00AM - 07:00PM""],[""09:00AM - 07:00PM""],[""09:00AM - 07:00PM""],[""10:00AM - 04:00PM""],[""10:00AM - 04:00PM""]]",molestiae,quod,
"34387 McLaughlin Fords
Wilmerhaven, AK 78198",,"[[""09:00AM - 07:00PM""],[""09:00AM - 07:00PM""],[""09:00AM - 07:00PM""],[""09:00AM - 07:00PM""],[""09:00AM - 07:00PM""],[""10:00AM - 04:00PM""],[""10:00AM - 04:00PM""]]",aspernatur,totam,
"1630 Moore Cape
East Elna, WY 10537-6997",,"[[""09:00AM - 07:00PM""],[""09:00AM - 07:00PM""],[""09:00AM - 07:00PM""],[""09:00AM - 07:00PM""],[""09:00AM - 07:00PM""],[""10:00AM - 04:00PM""],[""10:00AM - 04:00PM""]]",velit,ipsum,
"1790 Grady Green
Mrazmouth, AZ 47057-6981",,"[[""09:00AM - 07:00PM""],[""09:00AM - 07:00PM""],[""09:00AM - 07:00PM""],[""09:00AM - 07:00PM""],[""09:00AM - 07:00PM""],[""10:00AM - 04:00PM""],[""10:00AM - 04:00PM""]]",sit,aut,
"8092 Denesik Rapid
East Francesport, NH 30880-2022",,"[[""09:00AM - 07:00PM""],[""09:00AM - 07:00PM""],[""09:00AM - 07:00PM""],[""09:00AM - 07:00PM""],[""09:00AM - 07:00PM""],[""10:00AM - 04:00PM""],[""10:00AM - 04:00PM""]]",nulla,delectus,
"766 Eugene Squares Suite 431
Wintheiserfurt, OK 90989-1999",,"[[""09:00AM - 07:00PM""],[""09:00AM - 07:00PM""],[""09:00AM - 07:00PM""],[""09:00AM - 07:00PM""],[""09:00AM - 07:00PM""],[""10:00AM - 04:00PM""],[""10:00AM - 04:00PM""]]",natus,autem,
"118 Theron Harbor Suite 915
Rahsaanborough, SD 13686-3690",,"[[""09:00AM - 07:00PM""],[""09:00AM - 07:00PM""],[""09:00AM - 07:00PM""],[""09:00AM - 07:00PM""],[""09:00AM - 07:00PM""],[""10:00AM - 04:00PM""],[""10:00AM - 04:00PM""]]",beatae,in,
"75937 Orn Ford
North Guidoville, OR 71358",,"[[""09:00AM - 07:00PM""],[""09:00AM - 07:00PM""],[""09:00AM - 07:00PM""],[""09:00AM - 07:00PM""],[""09:00AM - 07:00PM""],[""10:00AM - 04:00PM""],[""10:00AM - 04:00PM""]]",corporis,hic,
"1805 Blanca Shoals
South Elizafort, TX 63412",,"[[""09:00AM - 07:00PM""],[""09:00AM - 07:00PM""],[""09:00AM - 07:00PM""],[""09:00AM - 07:00PM""],[""09:00AM - 07:00PM""],[""10:00AM - 04:00PM""],[""10:00AM - 04:00PM""]]",consequuntur,consequatur,
"46803 Bridget Square Suite 439
New Brenda, LA 62227",,"[[""09:00AM - 07:00PM""],[""09:00AM - 07:00PM""],[""09:00AM - 07:00PM""],[""09:00AM - 07:00PM""],[""09:00AM - 07:00PM""],[""10:00AM - 04:00PM""],[""10:00AM - 04:00PM""]]",dolorem,molestiae,
"136 Yvonne Extension Apt. 517
East Preciousview, NM 83549",,"[[""09:00AM - 07:00PM""],[""09:00AM - 07:00PM""],[""09:00AM - 07:00PM""],[""09:00AM - 07:00PM""],[""09:00AM - 07:00PM""],[""10:00AM - 04:00PM""],[""10:00AM - 04:00PM""]]",et,ut,
"9890 Aliza Oval
East Trudie, WI 24795",,"[[""09:00AM - 07:00PM""],[""09:00AM - 07:00PM""],[""09:00AM - 07:00PM""],[""09:00AM - 07:00PM""],[""09:00AM - 07:00PM""],[""10:00AM - 04:00PM""],[""10:00AM - 04:00PM""]]",ipsa,qui,
"38163 Konopelski Mills Suite 469
Loyceshire, LA 77053-1669",,"[[""09:00AM - 07:00PM""],[""09:00AM - 07:00PM""],[""09:00AM - 07:00PM""],[""09:00AM - 07:00PM""],[""09:00AM - 07:00PM""],[""10:00AM - 04:00PM""],[""10:00AM - 04:00PM""]]",est,unde,
"42197 Jeffrey Run
Catherinefurt, KY 61161",,"[[""09:00AM - 07:00PM""],[""09:00AM - 07:00PM""],[""09:00AM - 07:00PM""],[""09:00AM - 07:00PM""],[""09:00AM - 07:00PM""],[""10:00AM - 04:00PM""],[""10:00AM - 04:00PM""]]",itaque,corporis,
"837 Ena Springs
Daishashire, WI 60155-9524",,"[[""09:00AM - 07:00PM""],[""09:00AM - 07:00PM""],[""09:00AM - 07:00PM""],[""09:00AM - 07:00PM""],[""09:00AM - 07:00PM""],[""10:00AM - 04:00PM""],[""10:00AM - 04:00PM""]]",laboriosam,omnis,
"77601 Richie Camp Suite 492
East Madonna, UT 49901-1425",,"[[""09:00AM - 07:00PM""],[""09:00AM - 07:00PM""],[""09:00AM - 07:00PM""],[""09:00AM - 07:00PM""],[""09:00AM - 07:00PM""],[""10:00AM - 04:00PM""],[""10:00AM - 04:00PM""]]",adipisci,corrupti,
"3615 Funk Turnpike
Miguelfort, NJ 83275-9575",,"[[""09:00AM - 07:00PM""],[""09:00AM - 07:00PM""],[""09:00AM - 07:00PM""],[""09:00AM - 07:00PM""],[""09:00AM - 07:00PM""],[""10:00AM - 04:00PM""],[""10:00AM - 04:00PM""]]",error,odio,
"4110 Hermiston Viaduct Suite 012
South Margueritebury, GA 34883",,"[[""09:00AM - 07:00PM""],[""09:00AM - 07:00PM""],[""09:00AM - 07:00PM""],[""09:00AM - 07:00PM""],[""09:00AM - 07:00PM""],[""10:00AM - 04:00PM""],[""10:00AM - 04:00PM""]]",neque,dolorem,
"28031 Christina Manor
West Noah, NC 40632-3484",,"[[""09:00AM - 07:00PM""],[""09:00AM - 07:00PM""],[""09:00AM - 07:00PM""],[""09:00AM - 07:00PM""],[""09:00AM - 07:00PM""],[""10:00AM - 04:00PM""],[""10:00AM - 04:00PM""]]",incidunt,vero,
"509 Frida Via
Howellfurt, AZ 85092",,"[[""09:00AM - 07:00PM""],[""09:00AM - 07:00PM""],[""09:00AM - 07:00PM""],[""09:00AM - 07:00PM""],[""09:00AM - 07:00PM""],[""10:00AM - 04:00PM""],[""10:00AM - 04:00PM""]]",amet,distinctio,
"26087 Alba Cliff Suite 930
West Delmerhaven, VT 76058",,"[[""09:00AM - 07:00PM""],[""09:00AM - 07:00PM""],[""09:00AM - 07:00PM""],[""09:00AM - 07:00PM""],[""09:00AM - 07:00PM""],[""10:00AM - 04:00PM""],[""10:00AM - 04:00PM""]]",explicabo,optio,
"24747 Lucinda Ferry
Brittanyview, LA 28527",,"[[""09:00AM - 07:00PM""],[""09:00AM - 07:00PM""],[""09:00AM - 07:00PM""],[""09:00AM - 07:00PM""],[""09:00AM - 07:00PM""],[""10:00AM - 04:00PM""],[""10:00AM - 04:00PM""]]",cupiditate,quam,
"615 Christy Summit Apt. 980
Kelsiestad, AR 56360",,"[[""09:00AM - 07:00PM""],[""09:00AM - 07:00PM""],[""09:00AM - 07:00PM""],[""09:00AM - 07:00PM""],[""09:00AM - 07:00PM""],[""10:00AM - 04:00PM""],[""10:00AM - 04:00PM""]]",eius,iusto,
"4920 Beryl Shores Apt. 405
Lake Lomamouth, MD 26609",,"[[""09:00AM - 07:00PM""],[""09:00AM - 07:00PM""],[""09:00AM - 07:00PM""],[""09:00AM - 07:00PM""],[""09:00AM - 07:00PM""],[""10:00AM - 04:00PM""],[""10:00AM - 04:00PM""]]",harum,blanditiis,
"608 Russel Road Suite 250
Glennaborough, OH 90035",,"[[""09:00AM - 07:00PM""],[""09:00AM - 07:00PM""],[""09:00AM - 07:00PM""],[""09:00AM - 07:00PM""],[""09:00AM - 07:00PM""],[""10:00AM - 04:00PM""],[""10:00AM - 04:00PM""]]",iusto,laudantium,
"5561 Shields Circles
North Taurean, MA 68227",,"[[""09:00AM - 07:00PM""],[""09:00AM - 07:00PM""],[""09:00AM - 07:00PM""],[""09:00AM - 07:00PM""],[""09:00AM - 07:00PM""],[""10:00AM - 04:00PM""],[""10:00AM - 04:00PM""]]",tempore,nostrum,
"63665 Gutkowski Shore Apt. 158
Judytown, ID 05148-2950",,"[[""09:00AM - 07:00PM""],[""09:00AM - 07:00PM""],[""09:00AM - 07:00PM""],[""09:00AM - 07:00PM""],[""09:00AM - 07:00PM""],[""10:00AM - 04:00PM""],[""10:00AM - 04:00PM""]]",aut,vitae,
"38347 Clemens Estates Suite 176
Marionhaven, MD 93453",,"[[""09:00AM - 07:00PM""],[""09:00AM - 07:00PM""],[""09:00AM - 07:00PM""],[""09:00AM - 07:00PM""],[""09:00AM - 07:00PM""],[""10:00AM - 04:00PM""],[""10:00AM - 04:00PM""]]",non,necessitatibus,
"621 Brakus Valleys Suite 978
West Ezrahaven, TN 59792-3190",,"[[""09:00AM - 07:00PM""],[""09:00AM - 07:00PM""],[""09:00AM - 07:00PM""],[""09:00AM - 07:00PM""],[""09:00AM - 07:00PM""],[""10:00AM - 04:00PM""],[""10:00AM - 04:00PM""]]",pariatur,eum,
"234 Schaden Branch
Konopelskiport, CT 45112",,"[[""09:00AM - 07:00PM""],[""09:00AM - 07:00PM""],[""09:00AM - 07:00PM""],[""09:00AM - 07:00PM""],[""09:00AM - 07:00PM""],[""10:00AM - 04:00PM""],[""10:00AM - 04:00PM""]]",quod,fugiat,
"6144 Jermain Club
Emmerichhaven, UT 28089-7955",,"[[""09:00AM - 07:00PM""],[""09:00AM - 07:00PM""],[""09:00AM - 07:00PM""],[""09:00AM - 07:00PM""],[""09:00AM - 07:00PM""],[""10:00AM - 04:00PM""],[""10:00AM - 04:00PM""]]",repellat,tenetur,
"2854 Gutkowski Knoll Suite 235
Loganberg, FL 20366-5428",,"[[""09:00AM - 07:00PM""],[""09:00AM - 07:00PM""],[""09:00AM - 07:00PM""],[""09:00AM - 07:00PM""],[""09:00AM - 07:00PM""],[""10:00AM - 04:00PM""],[""10:00AM - 04:00PM""]]",recusandae,repellendus,
"3483 Morton Groves Apt. 536
Mertzfort, ME 11172",,"[[""09:00AM - 07:00PM""],[""09:00AM - 07:00PM""],[""09:00AM - 07:00PM""],[""09:00AM - 07:00PM""],[""09:00AM - 07:00PM""],[""10:00AM - 04:00PM""],[""10:00AM - 04:00PM""]]",magni,possimus,
"881 Hahn Radial Suite 586
Davisville, CT 87140",,"[[""09:00AM - 07:00PM""],[""09:00AM - 07:00PM""],[""09:00AM - 07:00PM""],[""09:00AM - 07:00PM""],[""09:00AM - 07:00PM""],[""10:00AM - 04:00PM""],[""10:00AM - 04:00PM""]]",vitae,animi,
"74837 Donny Terrace Suite 309
North Keeley, SD 10759-6487",,"[[""09:00AM - 07:00PM""],[""09:00AM - 07:00PM""],[""09:00AM - 07:00PM""],[""09:00AM - 07:00PM""],[""09:00AM - 07:00PM""],[""10:00AM - 04:00PM""],[""10:00AM - 04:00PM""]]",fuga,vel,
"36198 Geovanni Springs
Lake Joel, IL 75142",,"[[""09:00AM - 07:00PM""],[""09:00AM - 07:00PM""],[""09:00AM - 07:00PM""],[""09:00AM - 07:00PM""],[""09:00AM - 07:00PM""],[""10:00AM - 04:00PM""],[""10:00AM - 04:00PM""]]",minus,quaerat,
"62851 Barrows Hollow
Kimchester, MO 28631",,"[[""09:00AM - 07:00PM""],[""09:00AM - 07:00PM""],[""09:00AM - 07:00PM""],[""09:00AM - 07:00PM""],[""09:00AM - 07:00PM""],[""10:00AM - 04:00PM""],[""10:00AM - 04:00PM""]]",odit,dolor,
"785 Margie Groves Apt. 480
Gislasonchester, CA 96254",,"[[""09:00AM - 07:00PM""],[""09:00AM - 07:00PM""],[""09:00AM - 07:00PM""],[""09:00AM - 07:00PM""],[""09:00AM - 07:00PM""],[""10:00AM - 04:00PM""],[""10:00AM - 04:00PM""]]",officiis,dicta,
"38076 Marcelino Causeway Apt. 209
Priceside, MN 58995-2654",,"[[""09:00AM - 07:00PM""],[""09:00AM - 07:00PM""],[""09:00AM - 07:00PM""],[""09:00AM - 07:00PM""],[""09:00AM - 07:00PM""],[""10:00AM - 04:00PM""],[""10:00AM - 04:00PM""]]",maiores,sapiente,
"37398 Baby Glens
North Heatherberg, OH 88767",,"[[""09:00AM - 07:00PM""],[""09:00AM - 07:00PM""],[""09:00AM - 07:00PM""],[""09:00AM - 07:00PM""],[""09:00AM - 07:00PM""],[""10:00AM - 04:00PM""],[""10:00AM - 04:00PM""]]",asperiores,nulla,
"239 Adams Loop
Thelmaview, LA 49991",,"[[""09:00AM - 07:00PM""],[""09:00AM - 07:00PM""],[""09:00AM - 07:00PM""],[""09:00AM - 07:00PM""],[""09:00AM - 07:00PM""],[""10:00AM - 04:00PM""],[""10:00AM - 04:00PM""]]",totam,recusandae,
"908 Klein Spur
East Holden, TN 33024-5320",,"[[""09:00AM - 07:00PM""],[""09:00AM - 07:00PM""],[""09:00AM - 07:00PM""],[""09:00AM - 07:00PM""],[""09:00AM - 07:00PM""],[""10:00AM - 04:00PM""],[""10:00AM - 04:00PM""]]",quos,cum,
"95428 Batz Cliff
Krajcikbury, SC 20720",,"[[""09:00AM - 07:00PM""],[""09:00AM - 07:00PM""],[""09:00AM - 07:00PM""],[""09:00AM - 07:00PM""],[""09:00AM - 07:00PM""],[""10:00AM - 04:00PM""],[""10:00AM - 04:00PM""]]",deleniti,error,
"950 Price Corner
Port Connieside, AZ 07067",,"[[""09:00AM - 07:00PM""],[""09:00AM - 07:00PM""],[""09:00AM - 07:00PM""],[""09:00AM - 07:00PM""],[""09:00AM - 07:00PM""],[""10:00AM - 04:00PM""],[""10:00AM - 04:00PM""]]",porro,maiores,
"98890 Lang Oval
Hildafurt, NH 55918",,"[[""09:00AM - 07:00PM""],[""09:00AM - 07:00PM""],[""09:00AM - 07:00PM""],[""09:00AM - 07:00PM""],[""09:00AM - 07:00PM""],[""10:00AM - 04:00PM""],[""10:00AM - 04:00PM""]]",omnis,consequuntur,
"9085 Junior Track Apt. 810
New Corrineport, ND 96082-9946",,"[[""09:00AM - 07:00PM""],[""09:00AM - 07:00PM""],[""09:00AM - 07:00PM""],[""09:00AM - 07:00PM""],[""09:00AM - 07:00PM""],[""10:00AM - 04:00PM""],[""10:00AM - 04:00PM""]]",dolores,harum,
"8386 Kautzer Ramp Suite 401
Candaceport, DC 22605-8417",,"[[""09:00AM - 07:00PM""],[""09:00AM - 07:00PM""],[""09:00AM - 07:00PM""],[""09:00AM - 07:00PM""],[""09:00AM - 07:00PM""],[""10:00AM - 04:00PM""],[""10:00AM - 04:00PM""]]",accusantium,velit,
"8842 Giuseppe Ferry Suite 071
Port Emmitt, IL 70720",,"[[""09:00AM - 07:00PM""],[""09:00AM - 07:00PM""],[""09:00AM - 07:00PM""],[""09:00AM - 07:00PM""],[""09:00AM - 07:00PM""],[""10:00AM - 04:00PM""],[""10:00AM - 04:00PM""]]",odio,architecto,
"2211 Mayert Trail
South Samsonview, MD 75777",,"[[""09:00AM - 07:00PM""],[""09:00AM - 07:00PM""],[""09:00AM - 07:00PM""],[""09:00AM - 07:00PM""],[""09:00AM - 07:00PM""],[""10:00AM - 04:00PM""],[""10:00AM - 04:00PM""]]",modi,sit,
"9611 Loma Squares Suite 273
Durganberg, CA 15409",,"[[""09:00AM - 07:00PM""],[""09:00AM - 07:00PM""],[""09:00AM - 07:00PM""],[""09:00AM - 07:00PM""],[""09:00AM - 07:00PM""],[""10:00AM - 04:00PM""],[""10:00AM - 04:00PM""]]",perspiciatis,nam,
"41533 Oda Meadow Apt. 817
Jermeyfurt, TX 67833",,"[[""09:00AM - 07:00PM""],[""09:00AM - 07:00PM""],[""09:00AM - 07:00PM""],[""09:00AM - 07:00PM""],[""09:00AM - 07:00PM""],[""10:00AM - 04:00PM""],[""10:00AM - 04:00PM""]]",quis,labore,
"22651 Runte Villages Apt. 786
Veumtown, TX 93896-6351",,"[[""09:00AM - 07:00PM""],[""09:00AM - 07:00PM""],[""09:00AM - 07:00PM""],[""09:00AM - 07:00PM""],[""09:00AM - 07:00PM""],[""10:00AM - 04:00PM""],[""10:00AM - 04:00PM""]]",vero,eaque,
"1481 Abbott Court Suite 030
Elsefurt, MT 57708-4886",,"[[""09:00AM - 07:00PM""],[""09:00AM - 07:00PM""],[""09:00AM - 07:00PM""],[""09:00AM - 07:00PM""],[""09:00AM - 07:00PM""],[""10:00AM - 04:00PM""],[""10:00AM - 04:00PM""]]",illo,molestias,
"74306 Deckow Oval
East Albertoburgh, TX 26499",,"[[""09:00AM - 07:00PM""],[""09:00AM - 07:00PM""],[""09:00AM - 07:00PM""],[""09:00AM - 07:00PM""],[""09:00AM - 07:00PM""],[""10:00AM - 04:00PM""],[""10:00AM - 04:00PM""]]",voluptas,accusamus,
"5622 Von Village
East Derrick, IA 21337-3565",,"[[""09:00AM - 07:00PM""],[""09:00AM - 07:00PM""],[""09:00AM - 07:00PM""],[""09:00AM - 07:00PM""],[""09:00AM - 07:00PM""],[""10:00AM - 04:00PM""],[""10:00AM - 04:00PM""]]",quasi,voluptate,
"63371 Goyette Plains
New Raheem, AK 28481-4560",,"[[""09:00AM - 07:00PM""],[""09:00AM - 07:00PM""],[""09:00AM - 07:00PM""],[""09:00AM - 07:00PM""],[""09:00AM - 07:00PM""],[""10:00AM - 04:00PM""],[""10:00AM - 04:00PM""]]",dolor,quis,
"13352 Tillman Lodge Suite 527
Colleenland, IL 88103-0042",,"[[""09:00AM - 07:00PM""],[""09:00AM - 07:00PM""],[""09:00AM - 07:00PM""],[""09:00AM - 07:00PM""],[""09:00AM - 07:00PM""],[""10:00AM - 04:00PM""],[""10:00AM - 04:00PM""]]",eum,aliquam,
"1502 Abbey Stravenue
Curtistown, WA 16973-7066",,"[[""09:00AM - 07:00PM""],[""09:00AM - 07:00PM""],[""09:00AM - 07:00PM""],[""09:00AM - 07:00PM""],[""09:00AM - 07:00PM""],[""10:00AM - 04:00PM""],[""10:00AM - 04:00PM""]]",quidem,ab,
"842 Stoltenberg Drives
New Gaylord, NC 78992-0609",,"[[""09:00AM - 07:00PM""],[""09:00AM - 07:00PM""],[""09:00AM - 07:00PM""],[""09:00AM - 07:00PM""],[""09:00AM - 07:00PM""],[""10:00AM - 04:00PM""],[""10:00AM - 04:00PM""]]",assumenda,modi,
"78717 Neha Row
Kileystad, MI 92617",,"[[""09:00AM - 07:00PM""],[""09:00AM - 07:00PM""],[""09:00AM - 07:00PM""],[""09:00AM - 07:00PM""],[""09:00AM - 07:00PM""],[""10:00AM - 04:00PM""],[""10:00AM - 04:00PM""]]",accusamus,adipisci,
"46588 Quincy Island Suite 985
Magnoliaburgh, IA 22756",,"[[""09:00AM - 07:00PM""],[""09:00AM - 07:00PM""],[""09:00AM - 07:00PM""],[""09:00AM - 07:00PM""],[""09:00AM - 07:00PM""],[""10:00AM - 04:00PM""],[""10:00AM - 04:00PM""]]",iste,rerum,
"812 Mireya Island
Torphyfurt, GA 48955",,"[[""09:00AM - 07:00PM""],[""09:00AM - 07:00PM""],[""09:00AM - 07:00PM""],[""09:00AM - 07:00PM""],[""09:00AM - 07:00PM""],[""10:00AM - 04:00PM""],[""10:00AM - 04:00PM""]]",nemo,cupiditate,
"154 Fisher Ville Suite 689
Astridview, AL 85449-4685",,"[[""09:00AM - 07:00PM""],[""09:00AM - 07:00PM""],[""09:00AM - 07:00PM""],[""09:00AM - 07:00PM""],[""09:00AM - 07:00PM""],[""10:00AM - 04:00PM""],[""10:00AM - 04:00PM""]]",cumque,esse,
"7298 Beatty Path
Kozeystad, OR 78954-2835",,"[[""09:00AM - 07:00PM""],[""09:00AM - 07:00PM""],[""09:00AM - 07:00PM""],[""09:00AM - 07:00PM""],[""09:00AM - 07:00PM""],[""10:00AM - 04:00PM""],[""10:00AM - 04:00PM""]]",tempora,doloremque,
"635 Marvin Square
Port Nia, DC 29554-6249",,"[[""09:00AM - 07:00PM""],[""09:00AM - 07:00PM""],[""09:00AM - 07:00PM""],[""09:00AM - 07:00PM""],[""09:00AM - 07:00PM""],[""10:00AM - 04:00PM""],[""10:00AM - 04:00PM""]]",praesentium,iste,
"32696 Zieme Rapid
East Melba, KS 90639-8621",,"[[""09:00AM - 07:00PM""],[""09:00AM - 07:00PM""],[""09:00AM - 07:00PM""],[""09:00AM - 07:00PM""],[""09:00AM - 07:00PM""],[""10:00AM - 04:00PM""],[""10:00AM - 04:00PM""]]",dignissimos,consectetur,
"49489 Junior Brooks
New Jayson, MD 78091-4480",,"[[""09:00AM - 07:00PM""],[""09:00AM - 07:00PM""],[""09:00AM - 07:00PM""],[""09:00AM - 07:00PM""],[""09:00AM - 07:00PM""],[""10:00AM - 04:00PM""],[""10:00AM - 04:00PM""]]",unde,reprehenderit,
"9788 Flo Well
New Einar, KS 56969-2765",,"[[""09:00AM - 07:00PM""],[""09:00AM - 07:00PM""],[""09:00AM - 07:00PM""],[""09:00AM - 07:00PM""],[""09:00AM - 07:00PM""],[""10:00AM - 04:00PM""],[""10:00AM - 04:00PM""]]",voluptates,ea,
"2093 Brown Freeway Apt. 986
New Richie, DE 32199",,"[[""09:00AM - 07:00PM""],[""09:00AM - 07:00PM""],[""09:00AM - 07:00PM""],[""09:00AM - 07:00PM""],[""09:00AM - 07:00PM""],[""10:00AM - 04:00PM""],[""10:00AM - 04:00PM""]]",ipsum,repellat,
"2373 Cristina Glen
Port Ozella, AR 41551",,"[[""09:00AM - 07:00PM""],[""09:00AM - 07:00PM""],[""09:00AM - 07:00PM""],[""09:00AM - 07:00PM""],[""09:00AM - 07:00PM""],[""10:00AM - 04:00PM""],[""10:00AM - 04:00PM""]]",ea,perspiciatis,
"355 Orland Place Suite 961
Lake Audreyview, KY 36237-0270",,"[[""09:00AM - 07:00PM""],[""09:00AM - 07:00PM""],[""09:00AM - 07:00PM""],[""09:00AM - 07:00PM""],[""09:00AM - 07:00PM""],[""10:00AM - 04:00PM""],[""10:00AM - 04:00PM""]]",earum,accusantium,
"87918 Dare Court Apt. 458
Lucienneshire, RI 43835",,"[[""09:00AM - 07:00PM""],[""09:00AM - 07:00PM""],[""09:00AM - 07:00PM""],[""09:00AM - 07:00PM""],[""09:00AM - 07:00PM""],[""10:00AM - 04:00PM""],[""10:00AM - 04:00PM""]]",libero,ratione,
"716 Schoen Locks
North Marisolchester, DE 86478-9808",,"[[""09:00AM - 07:00PM""],[""09:00AM - 07:00PM""],[""09:00AM - 07:00PM""],[""09:00AM - 07:00PM""],[""09:00AM - 07:00PM""],[""10:00AM - 04:00PM""],[""10:00AM - 04:00PM""]]",numquam,quidem,
"21651 Baumbach Villages
South Magdalenaville, LA 84353",,"[[""09:00AM - 07:00PM""],[""09:00AM - 07:00PM""],[""09:00AM - 07:00PM""],[""09:00AM - 07:00PM""],[""09:00AM - 07:00PM""],[""10:00AM - 04:00PM""],[""10:00AM - 04:00PM""]]",provident,minima,
"629 Paucek Shore Apt. 374
East Ramiro, OR 05382-2684",,"[[""09:00AM - 07:00PM""],[""09:00AM - 07:00PM""],[""09:00AM - 07:00PM""],[""09:00AM - 07:00PM""],[""09:00AM - 07:00PM""],[""10:00AM - 04:00PM""],[""10:00AM - 04:00PM""]]",vel,itaque,
"270 Franz Fork
Lake Abbymouth, MN 24933-8790",,"[[""09:00AM - 07:00PM""],[""09:00AM - 07:00PM""],[""09:00AM - 07:00PM""],[""09:00AM - 07:00PM""],[""09:00AM - 07:00PM""],[""10:00AM - 04:00PM""],[""10:00AM - 04:00PM""]]",voluptatem,nemo,
"3226 Doyle Estates
Batzburgh, IL 00074",,"[[""09:00AM - 07:00PM""],[""09:00AM - 07:00PM""],[""09:00AM - 07:00PM""],[""09:00AM - 07:00PM""],[""09:00AM - 07:00PM""],[""10:00AM - 04:00PM""],[""10:00AM - 04:00PM""]]",placeat,exercitationem,
"765 Cummerata Trace
Lake Caseyville, FL 87596-9071",,"[[""09:00AM - 07:00PM""],[""09:00AM - 07:00PM""],[""09:00AM - 07:00PM""],[""09:00AM - 07:00PM""],[""09:00AM - 07:00PM""],[""10:00AM - 04:00PM""],[""10:00AM - 04:00PM""]]",saepe,facilis,
"713 Kuhlman Drive Apt. 260
Stoltenbergland, GA 75384-8963",,"[[""09:00AM - 07:00PM""],[""09:00AM - 07:00PM""],[""09:00AM - 07:00PM""],[""09:00AM - 07:00PM""],[""09:00AM - 07:00PM""],[""10:00AM - 04:00PM""],[""10:00AM - 04:00PM""]]",soluta,fugit,
"8902 Feest Gateway
Lake Greggmouth, MN 41673",,"[[""09:00AM - 07:00PM""],[""09:00AM - 07:00PM""],[""09:00AM - 07:00PM""],[""09:00AM - 07:00PM""],[""09:00AM - 07:00PM""],[""10:00AM - 04:00PM""],[""10:00AM - 04:00PM""]]",voluptatum,amet,
