id,name,text
natus reiciendis,repellendus voluptate,
eligendi aliquid,id qui,
consequuntur hic,eaque saepe,
harum est,dolore deleniti,
veniam laborum,et voluptatem,
facere voluptate,expedita accusamus,
adipisci magnam,porro reprehenderit,
quo vero,maxime qui,
autem deleniti,iure esse,
fugit eos,veritatis non,
aspernatur repellat,sunt eum,
quidem molestiae,deleniti est,
voluptate aut,aliquid aliquid,
eaque qui,maxime ut,
quia cupiditate,iure numquam,
et neque,est sint,
voluptatem omnis,accusamus eum,
est et,iure dolor,
veniam est,ratione exercitationem,
illum voluptas,unde dolore,
laboriosam modi,voluptatibus accusantium,
voluptatem iusto,ut nobis,
enim dolorem,quia in,
qui ullam,voluptatem occaecati,
blanditiis voluptas,incidunt perspiciatis,
in repudiandae,aliquid inventore,
explicabo distinctio,dolore occaecati,
dolore et,incidunt asperiores,
non laborum,minima ut,
repellendus laboriosam,vel natus,
officia quis,dolorum maxime,
odit praesentium,aliquam delectus,
provident excepturi,eos consequatur,
est quisquam,id eum,
aut eveniet,deleniti id,
occaecati ut,voluptas veniam,
qui iste,quae nesciunt,
sunt ab,nam aut,
facere possimus,eligendi et,
reiciendis numquam,vel eum,
odio possimus,odit aut,
dolorem et,voluptatem non,
dolorem sint,provident architecto,
sequi odit,suscipit debitis,
maiores blanditiis,eum ipsa,
temporibus sed,recusandae est,
deleniti iusto,minus aut,
consequatur veritatis,beatae enim,
iste nobis,qui vero,
ut corrupti,quisquam ut,
occaecati beatae,dolorem repellendus,
quam est,reiciendis atque,
nam vel,aut debitis,
accusantium quia,id libero,
quibusdam nihil,ut deserunt,
neque molestiae,dolor mollitia,
ex magnam,consequatur et,
beatae provident,eum illo,
temporibus a,ut ipsam,
assumenda molestiae,quis aut,
consequatur voluptas,porro eaque,
rem aliquam,voluptates neque,
consequatur quis,aspernatur inventore,
vitae soluta,voluptatibus sit,
consequatur quis,rerum beatae,
facilis voluptatum,est cum,
delectus sed,voluptas hic,
magni omnis,qui sed,
consequatur consectetur,suscipit saepe,
alias nulla,ullam ut,
nesciunt quod,minus debitis,
tempora non,similique ducimus,
aspernatur officiis,neque delectus,
accusamus voluptatum,reiciendis consequatur,
optio ea,laboriosam sint,
quia laudantium,eius tenetur,
quisquam dicta,nam est,
et quia,dicta saepe,
quia consequatur,architecto alias,
et delectus,veritatis repellendus,
nesciunt quis,distinctio cumque,
eum eveniet,omnis error,
consequatur praesentium,accusamus ipsum,
cumque vel,aliquid sit,
nulla fugit,quasi reiciendis,
id aspernatur,rem doloremque,
qui asperiores,ipsum quia,
et ipsa,fugit mollitia,
unde minus,velit non,
facere quis,non consequuntur,
rem impedit,tenetur in,
cumque voluptatem,provident voluptatibus,
magni veritatis,error commodi,
ut quam,et error,
debitis nihil,voluptates neque,
autem sed,numquam quia,
in atque,expedita architecto,
nostrum sit,libero ut,
rem repudiandae,similique nobis,
quo eius,omnis consequatur,
